benchmark,thumb_size,method,rows,correct,accuracy,avg_text_tokens,avg_image_tokens,avg_total_tokens,avg_processor_time_sec,avg_generate_time_sec,avg_total_time_sec,avg_peak_allocated_mb,max_peak_allocated_mb,avg_peak_reserved_mb,max_peak_reserved_mb,avg_original_width,avg_original_height,avg_resized_width,avg_resized_height,accuracy_percent,vlm_single_accuracy,vlm_single_accuracy_percent,vlm_single_rows,vlm_single_correct
hrbench_4k,2160,THUMB_AREA_VLM_2160,800,600,0.75,64.855,18032.02,18096.875,0.12115637849869582,0.6849580383938434,1.1245594120199984,9718.486697998047,9765.89453125,9945.685,10118.0,4023.935,3502.94,2406.6,1993.04,75.0,0.75,75.0,800,600
hrbench_4k,1980,THUMB_AREA_VLM_1980,800,588,0.735,64.855,15371.08,15435.935,0.096796324171201,0.531495169428913,0.9310884541812947,9535.598347167968,9558.8095703125,9781.155,9898.0,4023.935,3502.94,2214.52,1835.96,73.5,0.75,75.0,800,600
hrbench_4k,1800,THUMB_AREA_VLM_1800,800,581,0.72625,64.855,12568.6,12633.455,0.06098164397240335,0.4237666254837103,0.7669970518361459,9345.566313476562,9381.54296875,9556.59,9656.0,4023.935,3502.94,2002.28,1658.02,72.625,0.75,75.0,800,600
hrbench_4k,1600,THUMB_AREA_VLM_1600,800,567,0.70875,64.855,10011.38,10076.235,0.060691555784943556,0.34056632720875596,0.6701174837724284,9170.42724609375,9184.96484375,9316.1,9396.0,4023.935,3502.94,1782.06,1477.0,70.875,0.75,75.0,800,600
hrbench_4k,1440,THUMB_AREA_VLM_1440,800,556,0.695,64.855,8104.76,8169.615,0.047245742149906914,0.285718327001137,0.5861301961850199,9042.058752441406,9061.65185546875,9185.63,9244.0,4023.935,3502.94,1599.36,1322.58,69.5,0.75,75.0,800,600
hrbench_4k,1280,THUMB_AREA_VLM_1280,800,544,0.68,64.855,6391.98,6456.835,0.03559873568128519,0.23227488322135625,0.5104647638073562,8925.774228515626,8938.33544921875,9048.53,9072.0,4023.935,3502.94,1432.76,1187.9,68.0,0.75,75.0,800,600
hrbench_4k,1080,THUMB_AREA_VLM_1080,800,526,0.6575,64.855,4592.6,4657.455,0.026176163626296853,0.18574092618003474,0.44632212078247163,8806.834482421875,8821.95361328125,8884.85,8926.0,4023.935,3502.94,1212.54,1006.18,65.75,0.75,75.0,800,600
hrbench_4k,960,THUMB_AREA_VLM_960,800,514,0.6425,64.855,3593.6,3658.455,0.02186331056624676,0.16307567007127827,0.40071339669755957,8755.85708984375,8768.3798828125,8800.41,8834.0,4023.935,3502.94,1065.26,882.0,64.25,0.75,75.0,800,600
hrbench_4k,840,THUMB_AREA_VLM_840,800,491,0.61375,64.855,2719.48,2784.335,0.018458916521300304,0.14546162375506694,0.37058445733864687,8691.3966015625,8711.0126953125,8733.33,8766.0,4023.935,3502.94,937.3,776.02,61.375,0.75,75.0,800,600
hrbench_4k,720,THUMB_AREA_VLM_720,800,489,0.61125,64.855,2090.68,2155.535,0.015735297782501854,0.13907991668637745,0.3524248339538053,8646.158295898438,8660.3603515625,8679.21,8694.0,4023.935,3502.94,809.62,670.88,61.12499999999999,0.75,75.0,800,600
hrbench_4k,600,THUMB_AREA_VLM_600,800,435,0.54375,64.855,1334.64,1399.495,0.012695042317509952,0.14343498221872888,0.34516477380497806,8582.434086914063,8594.10205078125,8641.79,8670.0,4023.935,3502.94,660.66,547.4,54.37499999999999,0.75,75.0,800,600
hrbench_4k,480,THUMB_AREA_VLM_480,800,430,0.5375,64.855,894.2,959.055,0.010683575452510419,0.13921542664630518,0.3303753954886372,8552.12525390625,8563.970703125,8592.75,8620.0,4023.935,3502.94,533.54,440.3,53.75,0.75,75.0,800,600
hrbench_4k,420,THUMB_AREA_VLM_420,800,420,0.525,64.855,679.9,744.755,0.009787846669961435,0.13809888816738178,0.32611637158877327,8535.851833496094,8546.10888671875,8567.58,8578.0,4023.935,3502.94,468.3,388.08,52.5,0.75,75.0,800,600
hrbench_4k,360,THUMB_AREA_VLM_360,800,392,0.49,64.855,492.36,557.215,0.008982104808729283,0.13711350999501346,0.32065039734750317,8522.279155273438,8532.466796875,8545.1,8552.0,4023.935,3502.94,404.04,334.88,49.0,0.75,75.0,800,600
mme_rw_lite,2160,THUMB_AREA_VLM_2160,1919,947,0.4934861907243356,99.39656070870245,18305.336112558623,18404.73267326733,0.11746547683119463,0.7009854301563604,1.008967428331397,9742.202408735426,9785.22998046875,9966.824387701929,10142.0,2835.778009379885,1565.6018759770714,2955.6122980719124,1691.920792079208,49.34861907243356,0.488275143,48.827514300000004,1919,937
mme_rw_lite,1980,THUMB_AREA_VLM_1980,1919,955,0.49765502866076083,99.39656070870245,15242.463783220428,15341.86034392913,0.09194901848250771,0.5286324079603504,0.7934324102073999,9533.803710174163,9572.017578125,9805.988535695675,9900.0,2835.778009379885,1565.6018759770714,2710.5429911412193,1547.7186034392912,49.76550286607608,0.488275143,48.827514300000004,1919,937
mme_rw_lite,1800,THUMB_AREA_VLM_1800,1919,944,0.4919228764981761,99.39656070870245,12608.539864512768,12707.93642522147,0.06637506780772257,0.4329339729645825,0.6559735632235517,9355.343811066961,9391.947265625,9548.402292860865,9664.0,2835.778009379885,1565.6018759770714,2464.758728504429,1406.726420010422,49.192287649817615,0.488275143,48.827514300000004,1919,937
mme_rw_lite,1600,THUMB_AREA_VLM_1600,1919,937,0.48827514330380406,99.39656070870245,10057.62167795727,10157.018238665973,0.052216652446018155,0.34375286575511366,0.5346140605649278,9181.152099736597,9199.3857421875,9376.662845231891,9396.0,2835.778009379885,1565.6018759770714,2186.932777488275,1256.775403856175,48.8275143303804,0.488275143,48.827514300000004,1919,937
mme_rw_lite,1440,THUMB_AREA_VLM_1440,1919,910,0.47420531526836895,99.39656070870245,8093.348619072433,8192.745179781135,0.04130623572068376,0.286946567657648,0.45342050009532586,9048.365974557468,9077.98779296875,9193.93642522147,9266.0,2835.778009379885,1565.6018759770714,1972.3877019280876,1131.0891089108911,47.420531526836896,0.488275143,48.827514300000004,1919,937
mme_rw_lite,1280,THUMB_AREA_VLM_1280,1919,890,0.4637832204273059,99.39656070870245,6376.692027097447,6476.088587806149,0.03347705980769278,0.2365460975929873,0.38475352879939767,8933.107159287063,8964.64453125,9061.513288170923,9118.0,2835.778009379885,1565.6018759770714,1752.9546638874415,1002.4116727462219,46.37832204273059,0.488275143,48.827514300000004,1919,937
mme_rw_lite,1080,THUMB_AREA_VLM_1080,1919,868,0.45231891610213654,99.39656070870245,4560.19801980198,4659.594580510683,0.026611397302720788,0.18696008059406427,0.31798768019960755,8812.270631727544,8841.38623046875,8892.188639916623,8948.0,2835.778009379885,1565.6018759770714,1475.0557582073998,845.9531005732152,45.23189161021365,0.488275143,48.827514300000004,1919,937
mme_rw_lite,960,THUMB_AREA_VLM_960,1919,842,0.43877019280875457,99.39656070870245,3643.5622720166753,3742.9588327253778,0.021991295008312473,0.16605193036011984,0.28715215432200597,8764.129144920043,8773.52490234375,8832.761855132881,8872.0,2835.778009379885,1565.6018759770714,1318.0719124544034,757.4445023449713,43.87701928087546,0.488275143,48.827514300000004,1919,937
mme_rw_lite,840,THUMB_AREA_VLM_840,1919,816,0.4252214695153726,99.39656070870245,2747.412193850964,2846.8087545596663,0.018515493505455848,0.14673600874984763,0.25855026908595635,8701.50027887246,8731.15380859375,8751.390307451798,8772.0,2835.778009379885,1565.6018759770714,1153.194372068786,653.7759249609171,42.52214695153726,0.488275143,48.827514300000004,1919,937
mme_rw_lite,720,THUMB_AREA_VLM_720,1919,774,0.4033350703491402,99.39656070870245,2007.383011985409,2106.7795726941117,0.015595349947887312,0.13921760906145156,0.24383910276242238,8649.907361927599,8677.572265625,8681.501823866598,8718.0,2835.778009379885,1565.6018759770714,983.5747785304847,561.0359562272017,40.33350703491402,0.488275143,48.827514300000004,1919,937
mme_rw_lite,600,THUMB_AREA_VLM_600,1919,729,0.3798853569567483,99.39656070870245,1437.3652944241792,1536.7618551328817,0.013188353589377347,0.14441088150127823,0.24029693259509374,8595.4457626144,8628.802734375,8666.650338718082,8674.0,2835.778009379885,1565.6018759770714,825.3944762897343,473.1839499739448,37.98853569567483,0.488275143,48.827514300000004,1919,937
mme_rw_lite,480,THUMB_AREA_VLM_480,1919,655,0.341323606044815,99.39656070870245,900.4481500781657,999.8447107868682,0.010877194897823794,0.14050374435227242,0.22917054572485904,8559.959508024198,8585.42529296875,8597.171443460136,8622.0,2835.778009379885,1565.6018759770714,661.2610734757686,378.03647733194373,34.1323606044815,0.488275143,48.827514300000004,1919,937
mme_rw_lite,420,THUMB_AREA_VLM_420,1919,622,0.32412714955706096,99.39656070870245,687.5018238665972,786.8983845752996,0.0099496006190633,0.13959669013755194,0.22526779715788575,8544.085600613926,8567.1826171875,8575.664408546118,8616.0,2835.778009379885,1565.6018759770714,572.2855653986451,327.0411672746222,32.41271495570609,0.488275143,48.827514300000004,1919,937
mme_rw_lite,360,THUMB_AREA_VLM_360,1919,570,0.297029702970297,99.39656070870245,515.430953621678,614.8275143303804,0.009177890418932324,0.13830697521104157,0.22133371041115965,8531.593184367264,8557.53564453125,8548.912975508078,8602.0,2835.778009379885,1565.6018759770714,492.1521625846795,283.67691505992707,29.7029702970297,0.488275143,48.827514300000004,1919,937
treebench,2160,THUMB_AREA_VLM_2160,405,184,0.454320987654321,89.25925925925925,18150.656790123456,18239.916049382715,0.14370926689385824,0.6955836641579862,0.9986430844048839,9729.824884259258,9764.3984375,9981.17037037037,10132.0,2152.316049382716,1614.7209876543209,2511.7728395061727,1899.3679012345679,45.4320987654321,0.451851852,45.1851852,405,183
treebench,1980,THUMB_AREA_VLM_1980,405,179,0.4419753086419753,89.25925925925925,15425.086419753086,15514.345679012345,0.10998565144700026,0.5403198911901974,0.7946784949087049,9544.076510657793,9566.95068359375,9784.553086419754,9892.0,2152.316049382716,1614.7209876543209,2313.9061728395063,1745.7481481481482,44.19753086419753,0.451851852,45.1851852,405,183
treebench,1800,THUMB_AREA_VLM_1800,405,183,0.45185185185185184,89.25925925925925,12691.595061728394,12780.854320987655,0.09259540228148813,0.436410104135838,0.6525393103333146,9358.214424189815,9386.20556640625,9554.301234567902,9664.0,2152.316049382716,1614.7209876543209,2100.0,1577.8864197530863,45.18518518518518,0.451851852,45.1851852,405,183
treebench,1600,THUMB_AREA_VLM_1600,405,179,0.4419753086419753,89.25925925925925,10014.479012345679,10103.738271604938,0.06667951381981492,0.34423960718528784,0.5212305653926514,9176.144249131945,9206.2646484375,9349.333333333334,9436.0,2152.316049382716,1614.7209876543209,1865.1456790123457,1412.5827160493827,44.19753086419753,0.451851852,45.1851852,405,183
treebench,1440,THUMB_AREA_VLM_1440,405,174,0.42962962962962964,89.25925925925925,8132.207407407407,8221.466666666667,0.05569495365678916,0.28915201334074375,0.4461093401555411,9049.095224488812,9076.31591796875,9188.84938271605,9250.0,2152.316049382716,1614.7209876543209,1677.7185185185185,1267.4666666666667,42.96296296296296,0.451851852,45.1851852,405,183
treebench,1280,THUMB_AREA_VLM_1280,405,176,0.4345679012345679,89.25925925925925,6314.488888888889,6403.748148148148,0.038304788439501906,0.23366676519262009,0.36335087066911426,8926.021557918595,8952.13037109375,9050.123456790123,9110.0,2152.316049382716,1614.7209876543209,1491.3975308641975,1121.1061728395061,43.45679012345679,0.451851852,45.1851852,405,183
treebench,1080,THUMB_AREA_VLM_1080,405,177,0.43703703703703706,89.25925925925925,4549.60987654321,4638.869135802469,0.02761558661979592,0.18766124424434372,0.2975866361851791,8809.160772328318,8827.552734375,8896.617283950618,8936.0,2152.316049382716,1614.7209876543209,1255.7135802469136,952.9679012345679,43.7037037037037,0.451851852,45.1851852,405,183
treebench,960,THUMB_AREA_VLM_960,405,166,0.40987654320987654,89.25925925925925,3574.3802469135803,3663.6395061728394,0.024481143901118215,0.16553962767169714,0.2649133456419759,8760.775415943286,8771.84521484375,8815.881481481481,8854.0,2152.316049382716,1614.7209876543209,1120.0,845.8074074074074,40.98765432098765,0.451851852,45.1851852,405,183
treebench,840,THUMB_AREA_VLM_840,405,174,0.42962962962962964,89.25925925925925,2719.9604938271605,2809.2197530864196,0.01846393969624298,0.148295045516116,0.23562569457280239,8697.459393084491,8725.33935546875,8742.014814814815,8778.0,2152.316049382716,1614.7209876543209,982.074074074074,731.6641975308642,42.96296296296296,0.451851852,45.1851852,405,183
treebench,720,THUMB_AREA_VLM_720,405,171,0.4222222222222222,89.25925925925925,2006.5086419753086,2095.767901234568,0.015266563066664079,0.14213565102709363,0.22166439516551328,8646.78566261574,8670.66845703125,8678.785185185185,8712.0,2152.316049382716,1614.7209876543209,845.116049382716,633.4913580246914,42.22222222222222,0.451851852,45.1851852,405,183
treebench,600,THUMB_AREA_VLM_600,405,166,0.40987654320987654,89.25925925925925,1452.1975308641975,1541.4567901234568,0.013376131565455756,0.1477220780494339,0.22046216333820876,8594.682143373842,8630.451171875,8668.034567901235,8684.0,2152.316049382716,1614.7209876543209,697.3728395061728,533.1753086419753,40.98765432098765,0.451851852,45.1851852,405,183
treebench,480,THUMB_AREA_VLM_480,405,154,0.3802469135802469,89.25925925925925,876.0197530864198,965.279012345679,0.010861063928335538,0.14336318301973192,0.20823939316800485,8556.498259066359,8578.75439453125,8588.508641975308,8620.0,2152.316049382716,1614.7209876543209,559.8617283950617,423.1111111111111,38.02469135802469,0.451851852,45.1851852,405,183
treebench,420,THUMB_AREA_VLM_420,405,153,0.37777777777777777,89.25925925925925,652.3753086419753,741.6345679012346,0.009806874004855477,0.14221980420484157,0.20370994555046698,8539.526268325617,8557.06005859375,8570.938271604939,8578.0,2152.316049382716,1614.7209876543209,481.87654320987656,363.5851851851852,37.77777777777778,0.451851852,45.1851852,405,183
treebench,360,THUMB_AREA_VLM_360,405,144,0.35555555555555557,89.25925925925925,510.320987654321,599.5802469135803,0.008925491301207608,0.1419579638740108,0.20047093318519466,8528.893452208718,8546.8154296875,8548.232098765433,8578.0,2152.316049382716,1614.7209876543209,422.0740740740741,309.7283950617284,35.55555555555556,0.451851852,45.1851852,405,183
vstar,2160,THUMB_AREA_VLM_2160,191,159,0.8324607329842932,46.92670157068063,18120.712041884817,18167.638743455496,0.15310349376442578,0.7503135284973902,1.065627811680614,9720.053531986257,9748.2890625,9959.130890052356,10142.0,2246.2722513089006,1582.9790575916231,2578.785340314136,1846.2408376963351,83.24607329842932,0.816753927,81.6753927,191,156
vstar,1980,THUMB_AREA_VLM_1980,191,154,0.806282722513089,46.92670157068063,15441.361256544502,15488.287958115183,0.11264833981671354,0.5831941102356015,0.842767384816731,9537.3002239447,9551.59912109375,9764.5445026178,9876.0,2246.2722513089006,1582.9790575916231,2377.214659685864,1698.1780104712043,80.6282722513089,0.816753927,81.6753927,191,156
vstar,1800,THUMB_AREA_VLM_1800,191,155,0.8115183246073299,46.92670157068063,12688.460732984293,12735.387434554974,0.0902646237172911,0.4812191671884843,0.6958123106754266,9348.786797488547,9370.18017578125,9566.523560209424,9594.0,2246.2722513089006,1582.9790575916231,2158.4921465968587,1532.2303664921467,81.15183246073299,0.816753927,81.6753927,191,156
vstar,1600,THUMB_AREA_VLM_1600,191,144,0.7539267015706806,46.92670157068063,10009.549738219896,10056.476439790576,0.07294180350261126,0.3842699005759256,0.5700180477329764,9167.43540115756,9181.11962890625,9299.623036649215,9396.0,2246.2722513089006,1582.9790575916231,1916.7539267015707,1374.1989528795812,75.39267015706807,0.816753927,81.6753927,191,156
vstar,1440,THUMB_AREA_VLM_1440,191,149,0.7801047120418848,46.92670157068063,8136.460732984293,8183.387434554974,0.05600072018324338,0.32542412651824604,0.48412592657590775,9040.244020472022,9055.78271484375,9183.759162303664,9244.0,2246.2722513089006,1582.9790575916231,1724.4188481675392,1232.0,78.01047120418848,0.816753927,81.6753927,191,156
vstar,1280,THUMB_AREA_VLM_1280,191,138,0.7225130890052356,46.92670157068063,6312.335078534032,6359.261780104712,0.038272247931973744,0.26255866879054124,0.393640579837719,8917.0686738179,8941.99462890625,9032.261780104713,9074.0,2246.2722513089006,1582.9790575916231,1532.523560209424,1088.9214659685863,72.25130890052355,0.816753927,81.6753927,191,156
vstar,1080,THUMB_AREA_VLM_1080,191,139,0.7277486910994765,46.92670157068063,4566.910994764398,4613.837696335078,0.02734689212042189,0.2261059992513024,0.33699182228274344,8799.720728689463,8810.380859375,8855.59162303665,8926.0,2246.2722513089006,1582.9790575916231,1289.4659685863874,929.8638743455498,72.77486910994764,0.816753927,81.6753927,191,156
vstar,960,THUMB_AREA_VLM_960,191,126,0.6596858638743456,46.92670157068063,3567.3507853403144,3614.277486910995,0.02459853618326952,0.1787502497015377,0.27870036924608393,8749.299352196498,8758.43212890625,8776.010471204188,8824.0,2246.2722513089006,1582.9790575916231,1150.34554973822,821.6753926701571,65.96858638743456,0.816753927,81.6753927,191,156
vstar,840,THUMB_AREA_VLM_840,191,128,0.6701570680628273,46.92670157068063,2716.607329842932,2763.5340314136124,0.018220456607329242,0.15732662296859198,0.2452315801413459,8688.50730376718,8696.4794921875,8726.0,8750.0,2246.2722513089006,1582.9790575916231,1009.6125654450262,710.261780104712,67.01570680628272,0.816753927,81.6753927,191,156
vstar,720,THUMB_AREA_VLM_720,191,125,0.6544502617801047,46.92670157068063,2007.0366492146597,2053.9633507853405,0.015073004659645723,0.14850600412042045,0.22861291861255165,8636.32984037549,8644.91357421875,8667.267015706806,8682.0,2246.2722513089006,1582.9790575916231,868.4397905759163,615.5602094240837,65.44502617801047,0.816753927,81.6753927,191,156
vstar,600,THUMB_AREA_VLM_600,191,116,0.6073298429319371,46.92670157068063,1453.6753926701572,1500.6020942408377,0.01326333191623968,0.14972695841357483,0.22323925283248555,8584.89721040576,8589.8798828125,8666.230366492147,8682.0,2246.2722513089006,1582.9790575916231,715.5392670157069,520.2722513089005,60.73298429319372,0.816753927,81.6753927,191,156
vstar,480,THUMB_AREA_VLM_480,191,105,0.5497382198952879,46.92670157068063,873.8219895287958,920.7486910994764,0.010703391366491078,0.16093772354451247,0.22637484357068247,8547.47317265216,8553.46875,8578.19895287958,8594.0,2246.2722513089006,1582.9790575916231,575.2460732984293,410.9109947643979,54.973821989528794,0.816753927,81.6753927,191,156
vstar,420,THUMB_AREA_VLM_420,191,94,0.49214659685863876,46.92670157068063,651.6649214659686,698.5916230366493,0.009698465931964145,0.16062810973815436,0.22289025365965512,8529.458738956151,8535.4814453125,8566.439790575916,8574.0,2246.2722513089006,1582.9790575916231,495.05759162303667,353.4450261780105,49.21465968586388,0.816753927,81.6753927,191,156
vstar,360,THUMB_AREA_VLM_360,191,91,0.47643979057591623,46.92670157068063,509.78010471204186,556.7068062827225,0.008812170298434127,0.14515568556545472,0.20443372461784706,8519.523910442573,8523.783203125,8542.041884816754,8548.0,2246.2722513089006,1582.9790575916231,434.65968586387436,300.2303664921466,47.64397905759162,0.816753927,81.6753927,191,156
